{
    "Barcode": [],
    "Classifier": [],
    "Detector": [],
    "Fiducial": [
        {
            "fID": 19,
            "fam": "36H11C",
            "pts": [],
            "skew": [],
            "t6c_ts": [
                0.1037722105904937,
                0.04215880323072421,
                -0.834439234797066,
                18.105379452483383,
                -3.486171009489181,
                -0.7688946046976927
            ],
            "t6r_fs": [
                -5.268257690446524,
                1.47779452665052,
                0.0,
                0.0,
                0.0,
                -56.53968167942415
            ],
            "t6r_fs_orb": [
                -5.633401012420654,
                0.6670547723770142,
                2.980232227667301e-09,
                0.0,
                0.0,
                0.0
            ],
            "t6r_ts": [
                0.1128891743574309,
                0.2386387178398568,
                -0.9407996075298003,
                -1.894602825151442,
                -3.4861709758320445,
                -0.7688945972844076
            ],
            "t6t_cs": [
                -0.05226588808420724,
                0.21939394364583278,
                0.8111531590172697,
                -18.092911256157702,
                3.5524308245173826,
                -0.3524939156068214
            ],
            "t6t_rs": [
                -0.05226588808420724,
                -0.2712675915272284,
                0.9372718160536979,
                1.9447292003578647,
                3.4584823570549714,
                0.8852735897520311
            ],
            "ta": 0.03784796595573425,
            "tx": -5.3221348731855755,
            "tx_nocross": -3.6867027593953594,
            "txp": 270.83062744140625,
            "ty": -14.586486192612028,
            "ty_nocross": -15.13476177187161,
            "typ": 376.3619079589844
        }
    ],
    "PythonOut": [],
    "Retro": [],
    "botpose": [
        -5.268257690446524,
        1.47779452665052,
        0.0,
        0.0,
        0.0,
        -56.53968167942415
    ],
    "botpose_avgarea": 3.7847965955734253,
    "botpose_avgdist": 0.8419233177370714,
    "botpose_orb": [
        -5.633401012420654,
        0.6670547723770142,
        2.980232227667301e-09,
        0.0,
        0.0,
        0.0
    ],
    "botpose_orb_wpiblue": [
        3.1407241875793463,
        4.6930055723770145,
        2.980232227667301e-09,
        0.0,
        0.0,
        0.0
    ],
    "botpose_orb_wpired": [
        14.407524442330967,
        3.358881078887984,
        2.980232227667301e-09,
        0.0,
        0.0,
        179.99984796115504
    ],
    "botpose_span": 0.0,
    "botpose_tagcount": 1,
    "botpose_wpiblue": [
        3.505867509553476,
        5.50374532665052,
        0.0,
        0.0,
        0.0,
        -56.53968167942415
    ],
    "botpose_wpired": [
        14.042378968986164,
        2.5481422935550424,
        0.0,
        0.0,
        0.0,
        123.46016628108505
    ],
    "cl": 16.275556564331055,
    "focus_metric": 0.0,
    "pID": 0.0,
    "pTYPE": "pipe_fiducial",
    "stdev_mt1": [
        0.003464824754967672,
        0.0018542078749998851,
        0.0,
        0.0,
        0.0,
        0.21875834764527383
    ],
    "stdev_mt2": [
        0.00022619942416622627,
        1.4229787792236514e-05,
        8.777083671441753e-17,
        0.0,
        0.0,
        0.0
    ],
    "t6c_rs": [
        0.1,
        0.0,
        0.2,
        0.0,
        20.0,
        -0.0
    ],
    "ta": 3.789880871772766,
    "tl": 19.516759872436523,
    "ts": 1203810.427189,
    "tx": -5.3221348731855755,
    "txnc": -3.6867027593953594,
    "ty": -14.586486192612028,
    "tync": -15.13476177187161,
    "v": 1
}


{
    "Barcode": [],
    "Classifier": [],
    "Detector": [],
    "Fiducial": [
        {
            "fID": 10,
            "fam": "36H11C",
            "pts": [],
            "skew": [],
            "t6c_ts": [
                -0.034140789988554424,
                0.14480230206551234,
                -0.8165125834323015,
                22.5400078354053,
                -10.742516557584697,
                -1.3128241635506814
            ],
            "t6r_fs": [
                2.5473505931540674,
                0.012398041780739654,
                0.0,
                0.0,
                0.0,
                10.796812906105622
            ],
            "t6r_fs_orb": [
                2.552822971343994,
                0.19060193002223969,
                2.980232227667301e-09,
                0.0,
                0.0,
                0.0
            ],
            "t6r_ts": [
                -0.012496839763741142,
                0.34859514468105807,
                -0.9059554234266748,
                2.540025557770222,
                -10.74251645603476,
                -1.3128241512910712
            ],
            "t6t_cs": [
                0.18898754548474067,
                0.17184784737893535,
                0.7896696297380853,
                -22.683832969902046,
                10.421873395851769,
                -2.929911420477078
            ],
            "t6t_rs": [
                0.18898754548474067,
                -0.30859851920886827,
                0.9008221906560214,
                -2.3360068560945315,
                10.788203019249423,
                0.853362464124852
            ],
            "ta": 0.04020009562373161,
            "tx": 11.823716855233982,
            "tx_nocross": 13.459148969024199,
            "txp": 430.5379333496094,
            "ty": -11.729006298817424,
            "ty_nocross": -12.277281878077005,
            "typ": 348.8845520019531
        },
        {
            "fID": 19,
            "fam": "36H11C",
            "pts": [],
            "skew": [],
            "t6c_ts": [
                0.10189964642725743,
                0.047537664748598066,
                -0.8348357927022928,
                18.436553249351878,
                -3.358385690660956,
                -0.6564297927834185
            ],
            "t6r_fs": [
                -5.265682228268291,
                1.478443906858752,
                0.0,
                0.0,
                0.0,
                -56.65987214260504
            ],
            "t6r_fs_orb": [
                -5.633854484558105,
                0.6670262217521667,
                2.980232227667301e-09,
                0.0,
                0.0,
                0.0
            ],
            "t6r_ts": [
                0.11033406761809089,
                0.24465116096801767,
                -0.9400742595878298,
                -1.5634290282832988,
                -3.3583856582319793,
                -0.6564297864526308
            ],
            "t6t_cs": [
                -0.05226849584820425,
                0.2192423434556444,
                0.8116618553723338,
                -18.43032795495874,
                3.3935596476660375,
                -0.43947666630488985
            ],
            "t6t_rs": [
                -0.05226849584820425,
                -0.2715840333787695,
                0.9376979840480003,
                1.6045049086757137,
                3.3389734714042936,
                0.7490342845661323
            ],
            "ta": 0.03779826685786247,
            "tx": -5.320012659971937,
            "tx_nocross": -3.6845805461817207,
            "txp": 270.8508605957031,
            "ty": -14.567459139392867,
            "ty_nocross": -15.115734718652448,
            "typ": 376.17230224609375
        }
    ],
    "PythonOut": [],
    "Retro": [],
    "botpose": [
        -1.3898810463436062,
        1.007073508078447,
        0.0,
        0.0,
        0.0,
        1.7157632496396666
    ],
    "botpose_avgarea": 3.8999181240797043,
    "botpose_avgdist": 0.8361648031440277,